N,Voters,Tellers,Threshold,Setup,Voting (avg.),Tallying (Mixing),Tallying (Decryption),Notification,Verification (avg.),Coercion Mitigation
1,50,3,3,6.828326464,0.007869134,1.2688272,0.537322283,0.029107094,0.001271753,0.002395391
2,50,3,3,6.854076862,0.007834363,1.276084661,0.548147678,0.029893398,0.001255555,0.00251174
3,50,3,3,7.502845049,0.00960526,1.40084815,0.553521156,0.030869484,0.001285667,0.002602339
4,50,3,3,6.930711746,0.008181438,1.27999258,0.524329424,0.033762932,0.001407366,0.002487421
5,50,3,3,6.798993349,0.007743907,1.273348093,0.53853178,0.029454708,0.001313148,0.002411127
6,50,3,3,6.837171316,0.008195868,1.277359962,0.536678553,0.031685352,0.001374989,0.003814936
7,50,3,3,6.9298172,0.007894616,1.316072702,0.530154705,0.030954123,0.001297231,0.002492666
8,50,3,3,6.870853186,0.007727494,1.270859003,0.593832731,0.031774998,0.001286345,0.002389193
9,50,3,3,6.890613794,0.008107133,1.272106171,0.539502859,0.033627272,0.00142653,0.002633572
10,50,3,3,6.950398445,0.00777606,1.3055408,0.527519703,0.030873537,0.00131474,0.002424717
11,50,3,3,6.778371811,0.008165674,1.270884514,0.54844594,0.029778719,0.001256599,0.002379656
12,50,3,3,6.790777683,0.0078023,1.310131311,0.522672176,0.030446768,0.001263433,0.002405167
13,50,3,3,6.783299208,0.007810359,1.264417171,0.608378887,0.029945135,0.001269917,0.002383947
14,50,3,3,6.905297756,0.008179388,1.316127062,0.567658663,0.032601357,0.001345186,0.002449036
15,50,3,3,6.820458651,0.007645249,1.292317152,0.528613806,0.029026031,0.00125752,0.002373934
16,50,3,3,6.818196058,0.00802258,1.283998489,0.549427032,0.029371023,0.001276302,0.002375364
17,50,3,3,6.781996965,0.007735233,1.294559956,0.527420521,0.029037476,0.001283703,0.002392292
18,50,3,3,6.886920691,0.007694259,1.275917768,0.543086767,0.029187202,0.001283684,0.002376795
19,50,3,3,6.892803907,0.008177013,1.279388666,0.526802063,0.03433156,0.001398807,0.002937555
20,50,3,3,6.807499409,0.007683005,1.294644356,0.53854847,0.029998064,0.001266236,0.002405643
21,50,3,3,6.890044928,0.008085527,1.276633501,0.547128439,0.029731035,0.001267834,0.002466917
22,50,3,3,6.821355581,0.007735982,1.298053741,0.529273033,0.030133009,0.001273117,0.002387762
23,50,3,3,6.864490986,0.007818875,1.270459414,0.54739213,0.02927947,0.001280661,0.002801418
24,50,3,3,6.840688229,0.007905431,1.287855864,0.528674841,0.028781176,0.001307049,0.002392054
25,50,3,3,6.780771732,0.007805209,1.275074005,0.540693283,0.029771328,0.001282153,0.00238204
26,50,3,3,6.776034117,0.007938147,1.275896072,0.529511452,0.029800415,0.001321244,0.002562523
27,50,3,3,6.897487879,0.007779369,1.283468723,0.540315628,0.029044151,0.001290226,0.002356529
28,50,3,3,7.080879211,0.007795115,1.293364048,0.546480894,0.029118538,0.001256375,0.002365828
29,50,3,3,6.846765041,0.008054452,1.284371614,0.523515701,0.030593395,0.001381235,0.002421141
30,50,3,3,6.794314384,0.007674108,1.282783031,0.546419382,0.029037237,0.001254764,0.002541542
31,50,3,3,6.79558301,0.008115931,1.264482737,0.527910471,0.033013821,0.001381884,0.002396584
32,50,3,3,6.932995081,0.007758431,1.295191765,0.533147812,0.030024529,0.001280856,0.002536297
33,50,3,3,6.807060719,0.008052297,1.266493797,0.595171928,0.02956605,0.00126265,0.002370119
34,50,3,3,6.779255867,0.007754922,1.300311565,0.523736715,0.030319452,0.001258516,0.002360821
35,50,3,3,8.409008503,0.00819345,1.3066113,0.524849415,0.033397913,0.001381497,0.003272295
36,50,3,3,6.843097448,0.007651811,1.285653591,0.539824247,0.029147625,0.001263571,0.00236249
37,50,3,3,6.807729483,0.008087955,1.271303177,0.537003279,0.031535864,0.001360755,0.002394915
38,50,3,3,6.7752316,0.007787743,1.294070005,0.538680077,0.029886961,0.00126514,0.002526999
39,50,3,3,6.923021793,0.008605151,1.300475836,0.542800903,0.030436516,0.001266618,0.002526045
40,50,3,3,7.283648968,0.00792706,1.432351589,0.685330153,0.036661386,0.001462479,0.002471209
41,50,3,3,6.839473724,0.008077979,1.274211645,0.543557882,0.029877424,0.001258082,0.00239253
42,50,3,3,6.829773426,0.007830129,1.309928179,0.529935598,0.029467821,0.001275849,0.002444983
43,50,3,3,6.872838259,0.007877603,1.411009073,0.740106821,0.043725967,0.001526561,0.003877163
44,50,3,3,8.910007,0.008229713,1.369970322,1.085528135,0.058739424,0.002475958,0.004694939
45,50,3,3,13.88977528,0.012633271,2.840049267,1.406385899,0.098104239,0.003458757,0.00916934
46,50,3,3,8.473550797,0.008265224,1.78962779,1.126030445,0.064772606,0.002765288,0.007989168
47,50,3,3,8.009107351,0.010129795,1.507649899,0.609746933,0.030717373,0.001277599,0.002424479
48,50,3,3,7.612136841,0.008152871,1.680956364,0.986103773,0.071919918,0.003042111,0.005813837
49,50,3,3,10.47880602,0.014471087,1.609711885,0.930976629,0.0365839,0.001482687,0.003825903
50,50,3,3,7.769701719,0.013743501,1.749983311,0.533905745,0.032842636,0.001318903,0.002592564
51,50,3,3,7.238223314,0.007972651,1.521285772,0.55748558,0.035138369,0.001525874,0.002565622
52,50,3,3,8.149225473,0.009905028,1.460186958,0.565974951,0.02929616,0.00129765,0.003452301
53,50,3,3,7.490571022,0.008286991,1.287936449,0.548421621,0.029389143,0.001257148,0.002376318
54,50,3,3,7.521761656,0.009142566,1.848873138,1.223032236,0.077683687,0.002942142,0.002616405
55,50,3,3,12.69468284,0.009298596,1.594401121,0.790373325,0.035263777,0.001367879,0.002799511
56,50,3,3,9.31491518,0.008049541,1.508158922,0.642966032,0.039354563,0.001649513,0.003582001
57,50,3,3,7.754164934,0.007919903,1.457716942,0.922080994,0.045383215,0.001936131,0.003089428
58,50,3,3,7.660695791,0.008828125,1.792298555,0.929879427,0.072863579,0.002406621,0.004719496
59,50,3,3,10.01942325,0.008736372,1.59832406,0.78497839,0.052762032,0.001732249,0.00301075
60,50,3,3,7.456227064,0.009053183,1.325901031,0.579003334,0.03150034,0.001337729,0.002524376
61,50,3,3,7.038484573,0.008242264,1.47043395,0.595352173,0.075634003,0.001258702,0.002551317
62,50,3,3,7.519279003,0.013806872,2.342865467,0.886519432,0.064694881,0.002143188,0.005033255
63,50,3,3,11.47669554,0.012839417,1.735239983,0.772542477,0.040062904,0.001570816,0.002753019
64,50,3,3,8.692619085,0.010552874,1.921825886,0.769231319,0.037422419,0.001378083,0.002524853
65,50,3,3,8.313178062,0.00900053,1.42361021,0.658242941,0.034501553,0.001354551,0.002528667
66,50,3,3,8.773609877,0.009954834,1.589527369,0.757826567,0.06006217,0.001806154,0.002434254
67,50,3,3,9.579214096,0.010251541,1.58189559,0.634331465,0.032609701,0.001356211,0.00276494
68,50,3,3,7.91263938,0.008430452,1.637271404,0.703004599,0.031377792,0.001341505,0.00240612
69,50,3,3,8.484744787,0.010813737,1.808041334,0.676555157,0.046014547,0.001648612,0.005463839
70,50,3,3,7.988069296,0.009847684,1.413491488,0.558162451,0.036344767,0.001463618,0.003194571
71,50,3,3,10.83350205,0.008765049,1.628945351,0.870583773,0.04347682,0.001497135,0.002753258
72,50,3,3,7.84303093,0.008441868,1.323184013,0.790733099,0.068652391,0.001684275,0.002613306
73,50,3,3,7.931905985,0.008943105,1.370609283,0.564554691,0.029764891,0.001276546,0.002401114
74,50,3,3,7.494134903,0.008387561,1.511547804,0.618562937,0.033246994,0.001408315,0.00300169
75,50,3,3,7.819049835,0.007775397,1.369218588,0.894465446,0.0636518,0.002447762,0.003775597
76,50,3,3,7.805543184,0.008194432,1.423291683,0.54515028,0.039350271,0.001720858,0.00258112
77,50,3,3,7.451348305,0.009060397,1.555821896,0.559907436,0.029552937,0.00126173,0.002384186
78,50,3,3,8.519893408,0.008779292,1.398985624,0.629896879,0.02950716,0.001263757,0.002445459
79,50,3,3,8.213130236,0.008257785,1.954757452,1.100531101,0.054799557,0.002056885,0.004247427
80,50,3,3,8.358602524,0.008626814,1.424983263,0.533020735,0.030154228,0.001520329,0.002609253
81,50,3,3,7.049239635,0.008439069,1.953645945,0.870369434,0.036698818,0.001284637,0.00240016
82,50,3,3,8.054548979,0.008799996,1.505950689,0.679577112,0.069760323,0.002221451,0.002414465
83,50,3,3,8.029429436,0.009241462,1.966968775,1.045185089,0.064071178,0.002619624,0.00585556
84,50,3,3,7.764146328,0.008078442,1.307866096,0.579295397,0.029752731,0.001296573,0.002466202
85,50,3,3,8.123836994,0.010810447,1.549065828,0.692290783,0.031730652,0.001433191,0.002568483
86,50,3,3,7.799434185,0.008479023,1.968408346,0.617997885,0.035258055,0.001417975,0.002383471
87,50,3,3,8.994831085,0.012583995,2.243919134,1.1454072,0.10555625,0.003062024,0.002788782
88,50,3,3,7.659974575,0.008015618,1.308337688,0.554931402,0.032166243,0.001276975,0.002402067
89,50,3,3,9.64081645,0.01525095,2.532731771,1.228108168,0.036017179,0.002996063,0.005546093
90,50,3,3,10.34849691,0.010795932,1.868929863,0.758355379,0.035416365,0.001586733,0.002650499
91,50,3,3,8.278944016,0.012211466,1.48576808,0.869456768,0.08833456,0.00296761,0.005506039
92,50,3,3,9.200799942,0.008158269,1.389931679,0.745812654,0.031807423,0.001343012,0.002465725
93,50,3,3,7.87014699,0.00801795,1.284758091,0.549190521,0.029646397,0.001263537,0.002381563
94,50,3,3,7.262675047,0.007686787,1.273311138,0.58065176,0.032938004,0.001436033,0.002623558
95,50,3,3,7.564705372,0.008458829,1.412770271,0.659172773,0.038926363,0.001393938,0.002394676
96,50,3,3,6.916492939,0.008501143,1.534973621,0.635298252,0.029622078,0.001554689,0.002407074
97,50,3,3,9.205948114,0.008452277,1.436642408,0.598016262,0.041397572,0.001397743,0.002454519
98,50,3,3,7.527704716,0.008478174,1.511259317,0.563750267,0.034437418,0.001562605,0.003117323
99,50,3,3,7.811829567,0.00884449,1.45853591,0.637676954,0.042026281,0.002218833,0.002887487
100,50,3,3,8.957561493,0.012043772,1.737754822,1.140140057,0.089677572,0.003144541,0.005710602
101,100,3,3,13.78637362,0.007791638,2.774149179,1.035520554,0.05906868,0.001511941,0.002392292
102,100,3,3,13.89316511,0.007864599,3.320921183,1.038372517,0.061339378,0.001522362,0.00240016
103,100,3,3,13.76517129,0.007901251,2.71428299,1.079348564,0.058191299,0.00150028,0.003763676
104,100,3,3,13.82217073,0.007913196,2.708264589,1.030139208,0.059386253,0.001513522,0.002405167
105,100,3,3,13.60539603,0.007817333,2.733700037,1.048720837,0.058758736,0.001509132,0.00240922
106,100,3,3,13.76788878,0.00790529,2.731060505,1.031895161,0.058926344,0.001501946,0.002400637
107,100,3,3,13.71282005,0.007892587,2.732967854,1.032953739,0.059872389,0.001516318,0.002413034
108,100,3,3,13.69429636,0.00786834,2.76621294,1.038478374,0.060837269,0.001516817,0.002439022
109,100,3,3,13.80060887,0.00797152,2.730896235,1.028622389,0.059371471,0.001506143,0.002500057
110,100,3,3,13.80609465,0.007934361,2.718774319,1.04068327,0.05939436,0.001498406,0.002390385
111,100,3,3,14.18580484,0.009215345,3.728970528,1.317070961,0.059885263,0.001577635,0.002428055
112,100,3,3,17.10672522,0.010488987,4.1093328,1.468699217,0.12970829,0.001941588,0.002421141
113,100,3,3,17.3739326,0.01018223,3.275231123,1.499041557,0.101241827,0.001870155,0.002418518
114,100,3,3,17.31180668,0.009149609,3.312829256,1.512503862,0.178794146,0.001997828,0.002514839
115,100,3,3,17.8736403,0.009420753,3.483561754,1.474993706,0.119791269,0.002434399,0.003140688
116,100,3,3,18.56651187,0.008711746,3.205514669,2.051785707,0.065000534,0.001550469,0.00246048
117,100,3,3,18.34368253,0.016371424,4.632826805,1.41217947,0.091724157,0.002574096,0.003205538
118,100,3,3,16.86459446,0.00863414,2.973758936,1.239073992,0.059755802,0.001666291,0.003808975
119,100,3,3,16.1633389,0.011063986,4.511534691,1.614432335,0.136767387,0.002863605,0.003468513
120,100,3,3,14.73709083,0.010398214,2.779649496,1.054410458,0.061445475,0.001581194,0.002556324
121,100,3,3,15.1065886,0.008439023,2.886383057,1.041318178,0.065201283,0.001538393,0.002537012
122,100,3,3,15.44491339,0.009127526,2.95011425,1.204223394,0.058987379,0.001604104,0.005399227
123,100,3,3,15.7578547,0.010049298,3.055805922,1.261316061,0.064194202,0.001738498,0.002755165
124,100,3,3,15.16131639,0.008180175,2.989531994,1.103276014,0.087797403,0.001739516,0.002417088
125,100,3,3,15.60088062,0.008623002,3.227855921,1.399577856,0.08283329,0.001967547,0.002487183
126,100,3,3,16.44692802,0.009513485,3.157124758,1.336448908,0.072855949,0.001728528,0.002471685
127,100,3,3,15.91934729,0.008156133,3.002752066,1.358161211,0.095867872,0.002306447,0.003329277
128,100,3,3,14.91032553,0.008453889,2.882773638,1.245370388,0.071677685,0.001939478,0.002851009
129,100,3,3,16.20102429,0.011612561,3.495734453,1.342293501,0.06334877,0.001636822,0.002581358
130,100,3,3,16.73835588,0.008618875,3.028465748,1.143348455,0.067524672,0.002367198,0.002798319
131,100,3,3,15.29905391,0.007988367,2.929663658,1.13492465,0.081905842,0.001692476,0.002991438
132,100,3,3,17.55173612,0.011237032,4.230322123,1.544041395,0.071657896,0.001906617,0.003735065
133,100,3,3,15.99321413,0.007791154,2.77548933,1.042111158,0.058597565,0.001495349,0.002452612
134,100,3,3,13.71589208,0.007838154,3.287914515,1.070377588,0.060149908,0.001536455,0.002601862
135,100,3,3,14.23481584,0.00787127,2.765030622,1.101279259,0.062063456,0.001615674,0.002537966
136,100,3,3,14.12452388,0.008161783,2.769553185,1.075063467,0.060369492,0.001545486,0.002457857
137,100,3,3,14.98686504,0.008043861,2.817247391,1.072340727,0.063477755,0.001618946,0.002632618
138,100,3,3,14.04857302,0.008158033,2.7826159,1.126217604,0.062075138,0.001585619,0.002546787
139,100,3,3,14.22994351,0.008034995,2.771798372,1.08708477,0.06198287,0.001771989,0.002587557
140,100,3,3,14.08160996,0.008151476,2.78563261,1.069717884,0.061498404,0.001551216,0.003305912
141,100,3,3,14.07971525,0.007953095,2.774320126,1.064793348,0.061338425,0.001654835,0.002487898
142,100,3,3,14.31894994,0.008083575,2.780100346,1.055782318,0.060914516,0.001609895,0.002418518
143,100,3,3,14.29305601,0.008321455,3.142025709,1.474541187,0.152532101,0.002184715,0.002423763
144,100,3,3,14.59991622,0.008077886,2.759284019,1.06634903,0.064891577,0.001542876,0.002396584
145,100,3,3,14.12859368,0.008105614,2.771358728,1.05303216,0.061320066,0.00152627,0.002402067
146,100,3,3,14.25151539,0.00817054,2.797281504,1.068468094,0.068368673,0.00163969,0.002463341
147,100,3,3,14.26353264,0.008051014,2.763343096,1.04876399,0.060961723,0.001708741,0.002440691
148,100,3,3,14.15066957,0.008118923,2.853509903,1.06545496,0.062354088,0.001532016,0.002403975
149,100,3,3,14.03482461,0.008033993,2.76788497,1.061990499,0.074626684,0.001778121,0.002463341
150,100,3,3,14.02950478,0.008199725,2.773778915,1.229369879,0.059339285,0.00155019,0.002724171
151,100,3,3,13.97308397,0.008024242,2.816048622,1.06259799,0.065395594,0.00175415,0.002441406
152,100,3,3,14.04682565,0.008142438,3.519055605,1.090415001,0.066599846,0.001574197,0.00257206
153,100,3,3,14.26170349,0.00797219,2.786313057,1.061262131,0.064824104,0.001653359,0.002600431
154,100,3,3,14.10371661,0.00875448,2.783330441,1.051081419,0.059492826,0.001563559,0.002474546
155,100,3,3,14.99455285,0.007901266,2.896955967,1.057585478,0.062170744,0.001749117,0.002422333
156,100,3,3,13.98446298,0.008154726,2.792711735,1.051655054,0.059873104,0.001563516,0.002507687
157,100,3,3,14.18214869,0.008070147,2.800229549,1.060215235,0.061243773,0.00166194,0.002454519
158,100,3,3,14.43092895,0.008112872,2.770895958,1.085285664,0.062558413,0.001548791,0.00241971
159,100,3,3,14.08071542,0.008235216,2.815526962,1.100088835,0.062120676,0.00155751,0.002624273
160,100,3,3,14.14479899,0.008015823,2.812469482,1.076773643,0.061805248,0.001655748,0.002628565
161,100,3,3,14.07975864,0.008238368,2.790775299,1.056547403,0.060981512,0.001544633,0.002449989
162,100,3,3,14.04915237,0.008091321,2.767334461,1.052419662,0.060500145,0.001556997,0.002457857
163,100,3,3,13.95947814,0.008325112,3.241568565,1.29677248,0.065894604,0.001678276,0.002535343
164,100,3,3,18.56245923,0.010858705,3.939750195,1.535693884,0.060489416,0.001527269,0.002449751
165,100,3,3,17.62370443,0.009121976,2.865457535,1.268743515,0.133454084,0.002386336,0.003309727
166,100,3,3,15.01955128,0.008009281,2.809277296,1.050898552,0.062893391,0.00153209,0.002447128
167,100,3,3,15.10741997,0.013896563,3.28590107,1.39264822,0.188732386,0.001735744,0.002439737
168,100,3,3,16.20299268,0.010879045,2.994011164,1.037358522,0.063553333,0.001633573,0.002420425
169,100,3,3,13.7640152,0.007924032,2.68378067,1.031270027,0.067279577,0.001677463,0.002411366
170,100,3,3,13.69731593,0.007806501,2.813329935,1.029535055,0.064635038,0.001645288,0.002470493
171,100,3,3,13.75983381,0.007911592,2.689832449,1.038822651,0.065389156,0.001619637,0.002392769
172,100,3,3,13.68438148,0.007858949,2.668603897,1.092735291,0.071888924,0.001638305,0.002408504
173,100,3,3,13.75371981,0.008090076,2.805826426,1.028531551,0.063858509,0.001506345,0.002398729
174,100,3,3,16.53786898,0.008988805,2.899340153,1.091482878,0.065458775,0.001616595,0.002489328
175,100,3,3,17.53877997,0.016722231,4.050966024,2.009534359,0.155676603,0.002275472,0.003457069
176,100,3,3,17.58172584,0.010566354,4.801926851,1.284002542,0.06274581,0.001547377,0.003074408
177,100,3,3,15.66112185,0.009013743,3.844893694,1.970054865,0.06759572,0.002833784,0.002409458
178,100,3,3,15.62533379,0.008439202,3.061774254,1.113636494,0.060605764,0.002093089,0.004667282
179,100,3,3,18.49424076,0.015923433,5.097546816,2.352509022,0.222599268,0.003361149,0.00511837
180,100,3,3,20.71637774,0.008536777,2.936535835,1.626851082,0.104286671,0.001874754,0.002502918
181,100,3,3,15.61444473,0.008624446,2.970976591,1.3904109,0.062961817,0.001856475,0.003040552
182,100,3,3,14.59874678,0.008734512,2.923924923,1.758430004,0.158342361,0.003192687,0.005084276
183,100,3,3,17.27315021,0.009280131,2.957312346,1.249685049,0.081950426,0.002046397,0.004853487
184,100,3,3,15.88440919,0.00825877,2.984545231,1.081211329,0.065714598,0.001557076,0.002894163
185,100,3,3,14.67033529,0.008653202,2.959096432,1.271062374,0.066519022,0.00155298,0.002532959
186,100,3,3,15.51140237,0.011128435,3.526394367,1.223052025,0.059200048,0.001528625,0.002472639
187,100,3,3,16.253196,0.011638772,4.198875666,1.200433254,0.068537712,0.001893232,0.002554417
188,100,3,3,21.61621761,0.012782919,4.593436718,1.753441811,0.070669413,0.00178514,0.004209757
189,100,3,3,16.18158841,0.008882728,3.20904994,1.578722,0.160615206,0.002540369,0.00241518
190,100,3,3,17.12111735,0.009646413,2.713848829,1.183646202,0.074867725,0.001820426,0.003071785
191,100,3,3,14.15276599,0.007948349,3.046491385,1.306462049,0.104365587,0.002222569,0.002693892
192,100,3,3,16.11804962,0.009667618,3.676510096,1.533704042,0.063187838,0.001614974,0.002524614
193,100,3,3,13.8251307,0.007908545,3.163687229,1.152642965,0.064397573,0.001539266,0.002404928
194,100,3,3,14.49630642,0.007791226,2.812892437,1.04586482,0.06161499,0.001710677,0.002721071
195,100,3,3,13.65842223,0.007774084,2.705371141,1.036361694,0.058688164,0.001671674,0.00248003
196,100,3,3,13.78563643,0.007817266,2.696908474,1.033582449,0.059118271,0.001641629,0.002423525
197,100,3,3,13.61769843,0.007777781,2.69979763,1.027038813,0.061600208,0.001507659,0.002427816
198,100,3,3,13.66423154,0.007792604,2.692192793,1.054574013,0.059192657,0.001525006,0.00250721
199,100,3,3,13.80877876,0.007752552,2.704921246,1.102838755,0.059321165,0.00153039,0.003424644
200,100,3,3,13.69829249,0.008520203,2.699934244,1.050666809,0.05945158,0.00153507,0.003162384
201,150,3,3,23.45973039,0.009259756,5.308733702,1.656367302,0.087453127,0.001925429,0.002589226
202,150,3,3,22.41255474,0.009366695,4.546675682,1.538345337,0.088917017,0.001739546,0.002414465
203,150,3,3,21.72060895,0.008864101,4.961946964,1.559262753,0.100218534,0.001802316,0.002381802
204,150,3,3,23.51980948,0.008300282,4.974172831,1.847934484,0.114920855,0.001937512,0.002472162
205,150,3,3,23.00397444,0.009698009,4.860716581,1.758309126,0.145370483,0.001856039,0.002525568
206,150,3,3,24.4223659,0.011219501,5.027606487,1.479738474,0.088632107,0.00175015,0.002466679
207,150,3,3,24.63405919,0.007997398,4.452085018,1.456276655,0.091514826,0.00175618,0.002536058
208,150,3,3,21.35288858,0.007929648,5.374321699,1.608641863,0.089092016,0.001733135,0.002519131
209,150,3,3,22.65692949,0.008861535,4.485482693,1.571644068,0.087955236,0.001847847,0.002430439
210,150,3,3,20.65711999,0.00789008,4.452187538,1.447221041,0.089485407,0.001895755,0.002380848
211,150,3,3,24.932657,0.009045598,5.674631596,1.908278465,0.125948906,0.001768853,0.002407074
212,150,3,3,24.13123584,0.007855514,4.440978765,1.452241182,0.090556622,0.001752419,0.00240469
213,150,3,3,22.71270323,0.007889943,4.430834532,1.596245527,0.089267254,0.001749039,0.002388477
214,150,3,3,20.895154,0.007971536,4.443024397,1.451125383,0.088643789,0.001748586,0.002445936
215,150,3,3,21.07908368,0.007855759,4.461676359,1.463747501,0.08967042,0.001749646,0.002400637
216,150,3,3,20.64596772,0.007830478,4.466070414,1.424993038,0.095478773,0.001852633,0.002404213
217,150,3,3,20.80086279,0.007824942,4.443626404,1.439607382,0.088781357,0.001789563,0.002408504
218,150,3,3,20.94284844,0.007842306,4.441718578,1.439077854,0.088716984,0.001785878,0.004661322
219,150,3,3,20.76088262,0.007830782,4.482581615,1.442569017,0.088257551,0.001747732,0.002462626
220,150,3,3,20.55874324,0.007763534,4.506419182,1.433049917,0.102586746,0.001811698,0.002398729
221,150,3,3,20.7119832,0.007808169,4.426226854,1.426200628,0.088078022,0.001730135,0.002383471
222,150,3,3,20.77347589,0.007940081,4.479058266,1.445606709,0.088414431,0.001754777,0.002394676
223,150,3,3,20.57757711,0.008144341,4.435173273,1.440511703,0.097661257,0.0018355,0.002412319
224,150,3,3,20.62995982,0.007858334,4.418363571,1.44083786,0.088451624,0.001747287,0.00239706
225,150,3,3,22.16307497,0.0085768,6.133654356,1.588908672,0.102255106,0.001962919,0.002444506
226,150,3,3,22.61662626,0.00787886,4.423334122,1.447664022,0.087957859,0.001727079,0.002391338
227,150,3,3,22.13435245,0.008761783,5.690658331,1.893442869,0.136279583,0.002476557,0.004781008
228,150,3,3,24.24733686,0.008408608,5.157688856,2.319798231,0.238159418,0.003129131,0.002466917
229,150,3,3,23.30248117,0.010589131,7.047749996,1.812502861,0.094998598,0.001763508,0.002431154
230,150,3,3,24.43995905,0.009402157,7.611078262,2.830441952,0.191762924,0.00312219,0.002548218
231,150,3,3,25.31599212,0.009635369,6.400477648,2.860211134,0.253773451,0.004220695,0.007093906
232,150,3,3,59.32937622,0.007832298,4.468854904,1.455340624,0.088378429,0.001815287,0.002393007
233,150,3,3,20.75777769,0.008003316,4.452286005,1.427741051,0.089997053,0.001791164,0.00241375
234,150,3,3,20.65789557,0.007787051,4.404693365,1.458324194,0.089254856,0.001753538,0.002414703
235,150,3,3,20.69903803,0.007818144,4.547871113,1.429982185,0.096840143,0.001777004,0.002380848
236,150,3,3,20.48499298,0.00777915,4.405617237,1.440739632,0.087705374,0.001726621,0.002402067
237,150,3,3,20.58327174,0.00792426,4.508817673,1.443715334,0.094354868,0.001803482,0.002394915
238,150,3,3,20.80402374,0.008000882,4.457041264,1.439811707,0.091133356,0.001999396,0.002405643
239,150,3,3,20.48259783,0.007854633,5.30319643,1.450759172,0.089504004,0.001752914,0.002524853
240,150,3,3,20.82666564,0.007910186,4.474927187,1.473197937,0.099708796,0.001776385,0.002447605
241,150,3,3,20.57369256,0.007771765,4.383751869,1.50778079,0.090878248,0.001731033,0.002369165
242,150,3,3,20.4865191,0.007783341,4.438794136,1.427287102,0.096807241,0.001788379,0.002454281
243,150,3,3,20.53750706,0.007733459,4.384127855,1.448704958,0.092939615,0.001734193,0.00237608
244,150,3,3,20.95423865,0.007824297,4.690796137,1.431704998,0.089536905,0.002212857,0.005409479
245,150,3,3,20.76380825,0.007847358,4.40566206,1.450908184,0.08985734,0.001738729,0.002521992
246,150,3,3,20.67564535,0.007987129,4.453162432,1.436121464,0.10116148,0.001785889,0.002425194
247,150,3,3,20.73540401,0.007894351,4.438194275,1.443502188,0.093071222,0.001847221,0.002416134
248,150,3,3,20.66761208,0.007782151,4.396150112,1.452960014,0.088339806,0.001730448,0.002398014
249,150,3,3,20.61123705,0.007935618,4.437754154,1.439728975,0.092968941,0.00174634,0.002408743
250,150,3,3,20.68531799,0.007951285,4.458415031,1.451649666,0.088471651,0.001875137,0.002945423
251,150,3,3,20.56936741,0.007754505,4.415161848,1.444807053,0.088270664,0.001733203,0.00240922
252,150,3,3,20.88094926,0.007849325,4.423543692,1.454736471,0.088437796,0.001744485,0.002385378
253,150,3,3,20.83443475,0.00846957,4.432107449,1.465017796,0.096371889,0.001765493,0.002397299
254,150,3,3,20.90010762,0.007863633,4.518640041,1.493087053,0.095912457,0.001812568,0.002391815
255,150,3,3,20.9293654,0.016187631,5.272044897,1.573459864,0.088815212,0.002093678,0.002379417
256,150,3,3,21.16353965,0.007791778,4.577288389,1.466538906,0.09594965,0.001783603,0.002382278
257,150,3,3,20.81602883,0.007772652,4.53489399,1.444479227,0.088128805,0.00186241,0.002397537
258,150,3,3,20.57423329,0.007949815,4.457194805,1.455135584,0.094997168,0.001763512,0.002471924
259,150,3,3,20.61781454,0.007825108,4.400649309,1.519788027,0.088166237,0.001735465,0.002389431
260,150,3,3,20.86703634,0.0080685,4.744614601,1.480928898,0.091174364,0.001767302,0.002432108
261,150,3,3,20.73517632,0.007943519,4.72045517,1.454166174,0.091033459,0.001744151,0.002409697
262,150,3,3,21.18197083,0.007941219,4.43539381,1.424117565,0.087840319,0.001740899,0.002496481
263,150,3,3,20.71841216,0.007828875,4.431158543,1.449997187,0.088289738,0.001729372,0.002412558
264,150,3,3,20.58397722,0.009087442,4.740673065,1.441935778,0.08763504,0.001755665,0.002382517
265,150,3,3,22.86230087,0.007978708,4.43444252,1.469611168,0.090849638,0.001759979,0.002403021
266,150,3,3,21.6075666,0.009603114,4.644247055,1.451570511,0.089313269,0.001760715,0.002431154
267,150,3,3,20.63553071,0.007835159,4.470767498,1.446592808,0.090272427,0.001876702,0.002706289
268,150,3,3,20.72660685,0.008056054,4.581509829,1.443513632,0.088717222,0.001818746,0.002542257
269,150,3,3,24.54392314,0.008696151,4.87800765,1.744400263,0.097923279,0.002053725,0.002472639
270,150,3,3,25.56612563,0.008397257,4.856646299,1.449431658,0.088353872,0.001930672,0.00239706
271,150,3,3,22.41076899,0.008229403,4.896210194,1.561326027,0.122208357,0.00227668,0.002504587
272,150,3,3,23.12599421,0.008537121,5.581179857,1.565513611,0.09158802,0.001767484,0.002387047
273,150,3,3,23.96538091,0.011007344,4.813372374,1.45610404,0.093296051,0.001771606,0.002397537
274,150,3,3,21.22401428,0.007808156,4.518226147,1.464325428,0.089045286,0.001724547,0.002388477
275,150,3,3,20.96170855,0.007853085,4.499827147,1.460762024,0.089156628,0.001769778,0.002443314
276,150,3,3,22.33952475,0.007901546,4.498560429,1.439827204,0.090299845,0.001867479,0.002440453
277,150,3,3,20.71607709,0.007859438,4.503714323,1.502218008,0.090609312,0.0018012,0.002884388
278,150,3,3,21.03567457,0.007885323,4.493810654,1.444571018,0.089041948,0.001912955,0.002670527
279,150,3,3,20.69108629,0.007820288,4.452888489,1.450757265,0.090234518,0.001747901,0.002511263
280,150,3,3,20.99665999,0.007944857,4.455149651,1.461638689,0.097686052,0.001784755,0.002425432
281,150,3,3,20.65868092,0.007895632,4.54707098,1.442834139,0.08810401,0.001755336,0.00239706
282,150,3,3,20.66194487,0.00791244,4.479215622,1.423609257,0.093476534,0.00184293,0.002454042
283,150,3,3,20.74567461,0.018623352,4.534272671,1.512200117,0.098588943,0.001753726,0.002693892
284,150,3,3,20.75028062,0.007850726,4.431794167,1.482225895,0.087626219,0.001756941,0.002450466
285,150,3,3,20.54656506,0.007758179,4.413104534,1.428156614,0.08865428,0.001839886,0.002913237
286,150,3,3,20.60653281,0.007954542,4.587201595,1.467996597,0.08671689,0.001729301,0.002378702
287,150,3,3,20.69090629,0.007742243,4.803064823,1.437743664,0.086802959,0.001728457,0.00242734
288,150,3,3,20.64845777,0.007805924,4.610410452,1.445205212,0.089060307,0.001736833,0.002408266
289,150,3,3,20.56607652,0.00784066,4.394110441,1.42422843,0.089600325,0.001828877,0.002398252
290,150,3,3,20.9377265,0.007982133,4.579884052,1.471917152,0.099274874,0.001831169,0.002461672
291,150,3,3,20.69586849,0.007853208,4.420404434,1.425783873,0.088418484,0.001793863,0.002691746
292,150,3,3,20.50429416,0.007760846,4.423115253,1.531091928,0.088971853,0.001796203,0.002410173
293,150,3,3,20.50863051,0.007868568,4.494962454,1.582598209,0.09544611,0.001859864,0.002422333
294,150,3,3,20.34855843,0.007703708,4.363007069,1.409119606,0.088113785,0.001800919,0.0025177
295,150,3,3,20.50093865,0.007742524,4.447012901,1.446341038,0.088142872,0.001728492,0.00238204
296,150,3,3,21.39484072,0.007823456,5.094436407,1.483114004,0.095723629,0.001787895,0.002425194
297,150,3,3,21.16703725,0.008072842,4.601184845,1.519535065,0.101087809,0.001878117,0.002474546
298,150,3,3,21.26292467,0.008024667,4.595448017,1.485165596,0.104473591,0.001739942,0.00241971
299,150,3,3,20.72987747,0.007737945,4.419216871,1.460522413,0.087184906,0.001887368,0.002608776
300,150,3,3,20.72041035,0.007754003,4.417328358,1.44167757,0.089998722,0.001727959,0.002552986
